-- phpMyAdmin SQL Dump
-- version 5.2.0
-- https://www.phpmyadmin.net/
--
-- Host: 127.0.0.1
-- Generation Time: Mar 09, 2023 at 05:28 PM
-- Server version: 10.4.27-MariaDB
-- PHP Version: 8.1.12

SET SQL_MODE = "NO_AUTO_VALUE_ON_ZERO";
START TRANSACTION;
SET time_zone = "+00:00";


/*!40101 SET @OLD_CHARACTER_SET_CLIENT=@@CHARACTER_SET_CLIENT */;
/*!40101 SET @OLD_CHARACTER_SET_RESULTS=@@CHARACTER_SET_RESULTS */;
/*!40101 SET @OLD_COLLATION_CONNECTION=@@COLLATION_CONNECTION */;
/*!40101 SET NAMES utf8mb4 */;

--
-- Database: `recordsapp_db`
--

-- --------------------------------------------------------

--
-- Table structure for table `employee`
--

CREATE TABLE `employee` (
  `id` int(11) NOT NULL,
  `lastname` varchar(45) NOT NULL,
  `firstname` varchar(45) NOT NULL,
  `office_id` int(11) NOT NULL,
  `address` varchar(100) DEFAULT NULL
) ENGINE=InnoDB DEFAULT CHARSET=utf8mb4 COLLATE=utf8mb4_general_ci;

--
-- Dumping data for table `employee`
--

INSERT INTO `employee` (`id`, `lastname`, `firstname`, `office_id`, `address`) VALUES
(1, 'Doe', 'Jane', 3, 'PPC'),
(2, 'Doe', 'John', 1, 'Roxas'),
(3, 'Reid', 'Spence', 1, NULL),
(4, 'Martinez', 'Kristine Joy', 3, ''),
(5, 'demo', 'demo', 2, ''),
(6, 'Daugherty', 'Danial', 4, 'Puerto Princesa, Palawan'),
(7, 'Ruecker', 'Reyna', 6, 'Rizal, Palawan'),
(8, 'Schmeler', 'Kaden', 12, 'Taytay, Palawan'),
(9, 'Nikolaus', 'Keira', 13, 'Taytay, Palawan'),
(10, 'Prosacco', 'Zita', 5, 'Roxas, Palawan'),
(11, 'Halvorson', 'Benny', 14, 'Aborlan, Palawan'),
(12, 'Dare', 'Melyna', 8, 'Puerto Princesa, Palawan'),
(13, 'Pollich', 'Kale', 5, 'El Nido, Palawan'),
(14, 'Effertz', 'Georgette', 7, 'San Vicente, Palawan'),
(15, 'Dare', 'Bradford', 1, 'Brookes Point, Palawan'),
(16, 'Prosacco', 'Arne', 7, 'Bataraza, Palawan'),
(17, 'Beer', 'Coby', 14, 'Brookes Point, Palawan'),
(18, 'Hermiston', 'Modesto', 2, 'Taytay, Palawan'),
(19, 'Jenkins', 'Sabina', 10, 'Aborlan, Palawan'),
(20, 'Padberg', 'Darron', 3, 'Bataraza, Palawan'),
(21, 'Ruecker', 'Johann', 1, 'Taytay, Palawan'),
(22, 'Anderson', 'Frank', 13, 'Roxas, Palawan'),
(23, 'Weissnat', 'Asha', 8, 'San Vicente, Palawan'),
(24, 'Langworth', 'German', 10, 'Narra, Palawan'),
(25, 'Lynch', 'Rachael', 13, 'El Nido, Palawan'),
(26, 'Herman', 'Tanner', 12, 'El Nido, Palawan'),
(27, 'Bartell', 'Andrew', 10, 'Bataraza, Palawan'),
(28, 'Marks', 'Ruthe', 5, 'Taytay, Palawan'),
(29, 'Ferry', 'Guido', 1, 'Puerto Princesa, Palawan'),
(30, 'Zboncak', 'Althea', 3, 'Roxas, Palawan'),
(31, 'Mosciski', 'Tod', 13, 'El Nido, Palawan'),
(32, 'Hermiston', 'Hadley', 3, 'Narra, Palawan'),
(33, 'Bradtke', 'Betsy', 4, 'Aborlan, Palawan'),
(34, 'Bailey', 'Virginia', 6, 'Bataraza, Palawan'),
(35, 'McLaughlin', 'Kayla', 1, 'Taytay, Palawan'),
(36, 'Considine', 'Judah', 15, 'Taytay, Palawan'),
(37, 'Pacocha', 'Felicity', 7, 'Bataraza, Palawan'),
(38, 'Hermann', 'Ariane', 8, 'Narra, Palawan'),
(39, 'Torphy', 'Creola', 2, 'Brookes Point, Palawan'),
(40, 'Wunsch', 'Della', 14, 'Brookes Point, Palawan'),
(41, 'Borer', 'Mckayla', 4, 'Brookes Point, Palawan'),
(42, 'Schaden', 'Kameron', 7, 'San Vicente, Palawan'),
(43, 'Stanton', 'Dejon', 1, 'Brookes Point, Palawan'),
(44, 'Kohler', 'Cristina', 9, 'Roxas, Palawan'),
(45, 'Klein', 'Hattie', 9, 'El Nido, Palawan'),
(46, 'Durgan', 'Ardella', 11, 'El Nido, Palawan'),
(47, 'Grimes', 'Osvaldo', 6, 'Aborlan, Palawan'),
(48, 'Pacocha', 'Michel', 4, 'Narra, Palawan'),
(49, 'Collier', 'Grant', 4, 'Roxas, Palawan'),
(50, 'Stracke', 'Brianne', 13, 'Taytay, Palawan'),
(51, 'DuBuque', 'Harrison', 13, 'Bataraza, Palawan'),
(52, 'Bashirian', 'Vernie', 11, 'San Vicente, Palawan'),
(53, 'Koss', 'Montana', 3, 'Puerto Princesa, Palawan'),
(54, 'Ernser', 'Tyrel', 13, 'El Nido, Palawan'),
(55, 'Gerhold', 'Margie', 11, 'Rizal, Palawan'),
(56, 'Hoeger', 'Mollie', 13, 'Brookes Point, Palawan'),
(57, 'Eichmann', 'Una', 1, 'Puerto Princesa, Palawan'),
(58, 'Boyle', 'Tierra', 6, 'Aborlan, Palawan'),
(59, 'Champlin', 'Eldora', 3, 'San Vicente, Palawan'),
(60, 'Walter', 'Princess', 12, 'Narra, Palawan'),
(61, 'Moore', 'Merl', 11, 'Taytay, Palawan'),
(62, 'Morar', 'Alayna', 6, 'Brookes Point, Palawan'),
(63, 'Beier', 'Thad', 7, 'Brookes Point, Palawan'),
(64, 'Dicki', 'Cassandre', 13, 'San Vicente, Palawan'),
(65, 'Stiedemann', 'Cindy', 14, 'El Nido, Palawan'),
(66, 'Wehner', 'Addie', 15, 'Roxas, Palawan'),
(67, 'Feeney', 'Thora', 1, 'Bataraza, Palawan'),
(68, 'Swift', 'Kelly', 3, 'Roxas, Palawan'),
(69, 'Franecki', 'Tyrique', 14, 'Puerto Princesa, Palawan'),
(70, 'Anderson', 'Myriam', 9, 'Narra, Palawan'),
(71, 'Murray', 'Estelle', 5, 'El Nido, Palawan'),
(72, 'Nienow', 'Adell', 13, 'Aborlan, Palawan'),
(73, 'Schimmel', 'Lester', 9, 'Bataraza, Palawan'),
(74, 'Stanton', 'Remington', 11, 'Rizal, Palawan'),
(75, 'Wiza', 'Carolyne', 7, 'Aborlan, Palawan'),
(76, 'Russel', 'Merl', 9, 'Narra, Palawan'),
(77, 'Berge', 'Taya', 3, 'Brookes Point, Palawan'),
(78, 'Towne', 'Fernando', 14, 'Rizal, Palawan'),
(79, 'Ziemann', 'Raleigh', 4, 'Rizal, Palawan'),
(80, 'Fahey', 'Pasquale', 7, 'Roxas, Palawan'),
(81, 'Lubowitz', 'Abel', 6, 'Taytay, Palawan'),
(82, 'Lemke', 'Violet', 12, 'Taytay, Palawan'),
(83, 'Konopelski', 'Roel', 13, 'Narra, Palawan'),
(84, 'Spinka', 'Kurt', 11, 'Aborlan, Palawan'),
(85, 'Thiel', 'Nyah', 1, 'Narra, Palawan'),
(86, 'Ward', 'Meaghan', 15, 'Taytay, Palawan'),
(87, 'Mueller', 'Eloy', 8, 'Rizal, Palawan'),
(88, 'DuBuque', 'Ila', 8, 'El Nido, Palawan'),
(89, 'Lakin', 'Maddison', 15, 'Aborlan, Palawan'),
(90, 'Trantow', 'Domenico', 8, 'Bataraza, Palawan'),
(91, 'Yundt', 'Kenny', 9, 'Puerto Princesa, Palawan'),
(92, 'Vandervort', 'Lilla', 11, 'Rizal, Palawan'),
(93, 'Carroll', 'Hollie', 15, 'Bataraza, Palawan'),
(94, 'Brekke', 'Corbin', 2, 'Puerto Princesa, Palawan'),
(95, 'Jerde', 'Berry', 11, 'El Nido, Palawan'),
(96, 'Abernathy', 'Zane', 9, 'Puerto Princesa, Palawan'),
(97, 'Spinka', 'Millie', 5, 'Aborlan, Palawan'),
(98, 'Dibbert', 'Ivy', 5, 'Taytay, Palawan'),
(99, 'Hammes', 'Erik', 13, 'Aborlan, Palawan'),
(100, 'Daniel', 'Samson', 11, 'Rizal, Palawan'),
(101, 'Von', 'Whitney', 7, 'Rizal, Palawan'),
(102, 'Mosciski', 'Abel', 6, 'Roxas, Palawan'),
(103, 'Langosh', 'Marie', 10, 'San Vicente, Palawan'),
(104, 'Douglas', 'Adeline', 6, 'Rizal, Palawan'),
(105, 'Leannon', 'Nicolette', 10, 'Narra, Palawan'),
(106, 'Metz', 'Weston', 10, 'Rizal, Palawan'),
(107, 'Stracke', 'Unique', 13, 'El Nido, Palawan'),
(108, 'Pacocha', 'Mariana', 8, 'Taytay, Palawan'),
(109, 'Rath', 'Bryce', 10, 'San Vicente, Palawan'),
(110, 'Morar', 'Karine', 10, 'El Nido, Palawan'),
(111, 'Shanahan', 'Mack', 4, 'Aborlan, Palawan'),
(112, 'Franecki', 'Amber', 1, 'San Vicente, Palawan'),
(113, 'Greenholt', 'Lue', 9, 'Taytay, Palawan'),
(114, 'Langworth', 'Devon', 4, 'San Vicente, Palawan'),
(115, 'Weimann', 'Laisha', 4, 'Brookes Point, Palawan'),
(116, 'Weimann', 'Winnifred', 12, 'Narra, Palawan'),
(117, 'Hand', 'Giovani', 6, 'Narra, Palawan'),
(118, 'Romaguera', 'Doyle', 9, 'Roxas, Palawan'),
(119, 'Casper', 'Christopher', 3, 'Aborlan, Palawan'),
(120, 'Upton', 'Wilburn', 2, 'Taytay, Palawan'),
(121, 'Marks', 'Emmet', 9, 'Bataraza, Palawan'),
(122, 'Gerhold', 'Javon', 14, 'Puerto Princesa, Palawan'),
(123, 'Abbott', 'Elmira', 9, 'Bataraza, Palawan'),
(124, 'Dooley', 'Adeline', 3, 'Rizal, Palawan'),
(125, 'Yost', 'Reid', 13, 'San Vicente, Palawan'),
(126, 'Adams', 'Antone', 12, 'Narra, Palawan'),
(127, 'Koss', 'Zane', 7, 'San Vicente, Palawan'),
(128, 'Monahan', 'Jo', 8, 'Roxas, Palawan'),
(129, 'Grimes', 'Faye', 15, 'Brookes Point, Palawan'),
(130, 'Wisozk', 'Carolina', 5, 'Brookes Point, Palawan'),
(131, 'Stokes', 'Winona', 12, 'Aborlan, Palawan'),
(132, 'Goldner', 'Taylor', 1, 'El Nido, Palawan'),
(133, 'Pouros', 'Malcolm', 11, 'Taytay, Palawan'),
(134, 'Ryan', 'Liliane', 8, 'Brookes Point, Palawan'),
(135, 'Leffler', 'Iva', 8, 'San Vicente, Palawan'),
(136, 'Schaefer', 'Jamir', 15, 'Puerto Princesa, Palawan'),
(137, 'Conroy', 'Stefanie', 10, 'Aborlan, Palawan'),
(138, 'King', 'Stevie', 5, 'Brookes Point, Palawan'),
(139, 'Cassin', 'Isaias', 6, 'Puerto Princesa, Palawan'),
(140, 'Koss', 'Gaetano', 12, 'Roxas, Palawan'),
(141, 'Runte', 'Jaycee', 5, 'San Vicente, Palawan'),
(142, 'Bradtke', 'Vena', 9, 'El Nido, Palawan'),
(143, 'Nienow', 'Aurelie', 2, 'El Nido, Palawan'),
(144, 'Luettgen', 'Russell', 10, 'Roxas, Palawan'),
(145, 'Aufderhar', 'Cassandre', 13, 'Brookes Point, Palawan'),
(146, 'Rice', 'Hannah', 9, 'El Nido, Palawan'),
(147, 'Lehner', 'Romaine', 10, 'Roxas, Palawan'),
(148, 'Emmerich', 'Xander', 14, 'Bataraza, Palawan'),
(149, 'Grimes', 'Carole', 12, 'Aborlan, Palawan'),
(150, 'Rutherford', 'Maye', 6, 'Bataraza, Palawan'),
(151, 'Upton', 'Julian', 1, 'Aborlan, Palawan'),
(152, 'Oberbrunner', 'Magnolia', 14, 'Puerto Princesa, Palawan'),
(153, 'Parker', 'Augustine', 14, 'Brookes Point, Palawan'),
(154, 'Schaden', 'Deangelo', 14, 'Rizal, Palawan'),
(155, 'Fahey', 'Moses', 12, 'Brookes Point, Palawan'),
(156, 'Runte', 'Elliot', 15, 'Roxas, Palawan'),
(157, 'Stokes', 'Imani', 5, 'Taytay, Palawan'),
(158, 'Jaskolski', 'William', 14, 'Taytay, Palawan'),
(159, 'Johns', 'Catalina', 13, 'San Vicente, Palawan'),
(160, 'Orn', 'Kathryn', 9, 'Roxas, Palawan'),
(161, 'Kohler', 'Glenna', 14, 'Rizal, Palawan'),
(162, 'Rippin', 'Eulah', 15, 'San Vicente, Palawan'),
(163, 'Beer', 'Mireille', 10, 'Brookes Point, Palawan'),
(164, 'Osinski', 'Eulalia', 1, 'San Vicente, Palawan'),
(165, 'Ullrich', 'Pearlie', 15, 'San Vicente, Palawan'),
(166, 'Walter', 'Oceane', 9, 'San Vicente, Palawan'),
(167, 'Wiza', 'Imelda', 13, 'Brookes Point, Palawan'),
(168, 'Hickle', 'Gerda', 12, 'Rizal, Palawan'),
(169, 'Swaniawski', 'Hollie', 1, 'Aborlan, Palawan'),
(170, 'Barton', 'Craig', 14, 'El Nido, Palawan'),
(171, 'Schimmel', 'Caitlyn', 2, 'Narra, Palawan'),
(172, 'Parker', 'Rebeka', 3, 'Brookes Point, Palawan'),
(173, 'Wilkinson', 'Leo', 9, 'Roxas, Palawan'),
(174, 'Predovic', 'Ashtyn', 11, 'Bataraza, Palawan'),
(175, 'Predovic', 'Dalton', 6, 'Rizal, Palawan'),
(176, 'Schaden', 'Brooke', 12, 'Taytay, Palawan'),
(177, 'Luettgen', 'Henry', 10, 'Aborlan, Palawan'),
(178, 'Johnson', 'Cassidy', 15, 'Taytay, Palawan'),
(179, 'Hegmann', 'Joaquin', 6, 'Taytay, Palawan'),
(180, 'Jacobson', 'Roma', 9, 'Puerto Princesa, Palawan'),
(181, 'Dach', 'Alexanne', 10, 'El Nido, Palawan'),
(182, 'Murphy', 'Cassie', 13, 'Roxas, Palawan'),
(183, 'Lynch', 'Andre', 9, 'Brookes Point, Palawan'),
(184, 'Ebert', 'Kaleigh', 11, 'Narra, Palawan'),
(185, 'Cremin', 'Myrna', 9, 'Taytay, Palawan'),
(186, 'Gutkowski', 'Kenneth', 7, 'Bataraza, Palawan'),
(187, 'Macejkovic', 'Lucinda', 8, 'Taytay, Palawan'),
(188, 'Roberts', 'Kole', 4, 'Taytay, Palawan'),
(189, 'Legros', 'Agustina', 14, 'Rizal, Palawan'),
(190, 'Ebert', 'Jevon', 14, 'Brookes Point, Palawan'),
(191, 'Pouros', 'Ethel', 4, 'San Vicente, Palawan'),
(192, 'Romaguera', 'Simone', 13, 'Brookes Point, Palawan'),
(193, 'Kutch', 'Alexandrea', 14, 'San Vicente, Palawan'),
(194, 'Hoppe', 'Hortense', 3, 'Taytay, Palawan'),
(195, 'Johnston', 'Frank', 7, 'El Nido, Palawan'),
(196, 'Macejkovic', 'Norma', 3, 'Brookes Point, Palawan'),
(197, 'Reichert', 'Alejandrin', 15, 'San Vicente, Palawan'),
(198, 'Hartmann', 'Scot', 15, 'Brookes Point, Palawan'),
(199, 'Luettgen', 'Jaclyn', 11, 'Aborlan, Palawan'),
(200, 'Hoeger', 'Johnathan', 12, 'San Vicente, Palawan'),
(201, 'Stroman', 'Jimmy', 10, 'Narra, Palawan'),
(202, 'Paucek', 'Hailee', 5, 'Brookes Point, Palawan'),
(203, 'Kozey', 'Arnoldo', 5, 'Bataraza, Palawan'),
(204, 'Effertz', 'Aniyah', 2, 'Bataraza, Palawan'),
(205, 'Borer', 'Vada', 8, 'Roxas, Palawan'),
(206, 'Walter', 'Keanu', 8, 'Rizal, Palawan'),
(207, 'Beier', 'Myrtle', 2, 'Rizal, Palawan'),
(208, 'Jacobi', 'Diana', 4, 'Narra, Palawan'),
(209, 'Legros', 'Winston', 15, 'Brookes Point, Palawan'),
(210, 'Rolfson', 'Ernest', 3, 'Bataraza, Palawan'),
(211, 'Murray', 'Jolie', 2, 'Aborlan, Palawan'),
(212, 'Gislason', 'Jennie', 15, 'Narra, Palawan'),
(213, 'Aufderhar', 'Agustin', 9, 'Aborlan, Palawan'),
(214, 'Pagac', 'Trisha', 6, 'Roxas, Palawan'),
(215, 'Jakubowski', 'Joanie', 14, 'Puerto Princesa, Palawan'),
(216, 'Langosh', 'Nia', 9, 'Aborlan, Palawan'),
(217, 'Rodriguez', 'Coralie', 5, 'Roxas, Palawan'),
(218, 'Bechtelar', 'Eulalia', 6, 'El Nido, Palawan'),
(219, 'Hermann', 'Idella', 1, 'San Vicente, Palawan'),
(332, 'Llado', 'Maurene', 1, 'Narra, Palawan');

-- --------------------------------------------------------

--
-- Table structure for table `office`
--

CREATE TABLE `office` (
  `id` int(11) NOT NULL,
  `name` varchar(45) NOT NULL,
  `contactnum` varchar(45) DEFAULT NULL,
  `email` varchar(45) DEFAULT NULL,
  `address` varchar(45) DEFAULT NULL,
  `city` varchar(45) DEFAULT NULL,
  `country` varchar(45) DEFAULT NULL,
  `postal` int(11) DEFAULT NULL
) ENGINE=InnoDB DEFAULT CHARSET=utf8mb4 COLLATE=utf8mb4_general_ci;

--
-- Dumping data for table `office`
--

INSERT INTO `office` (`id`, `name`, `contactnum`, `email`, `address`, `city`, `country`, `postal`) VALUES
(1, 'Computer Studies Department', '433-5684', 'csd@psu.palawan.edu.ph', 'IT Building', 'Puerto Princesa', 'Philippines', 5300),
(2, 'CS Dean\'s Office', '433-5686', 'cs@psu.palawan.edu.ph', 'CS Building', 'Puerto Princesa', 'Philippines', 5300),
(3, 'Creative Media Inc.', '433-5685', 'cmi@gmail.com', 'Library Building, PSU', 'Puerto Princesa', 'Philippines', 5300),
(4, 'Creative Code Inc.', '433-5685', 'cci@gmail.com', '', '', '', 5300),
(5, 'Office of the President', '433-1234', 'oup@psu.palawan.edu.ph', 'Admin building', '', '', 5300),
(6, 'ICT office', '433-5874 ', 'ict@psu.palawan.edu.ph', 'Admin Building, PSU', 'Puerto Princesa', 'Philippines', 5300),
(7, 'CAH Office', '433-5685', 'cah@gmail.com', 'CAH Building, PSU', 'Puerto Princesa', 'Philippines', 5300),
(8, 'CEAT Office', '1234-5432', 'ceat@psu.palawan.edu.ph', 'CEAT Building, PSU', 'Puerto Princesa', 'Philippines', 5300),
(9, 'HRM Office', '674-1211', 'hrm@psu.palawan.edu.ph', 'Admin Building, PSU', 'Puerto Princesa', 'Philippines', 5300),
(10, 'Compedium Publication', '675-4432', 'compe@gmail.com', 'IT Building, PSU', 'Puerto Princesa', 'Philippines', 5300),
(11, 'Registrar Office', '255-5678', 'reg@gmail.com', 'Admin Building, PSU', 'Puerto Princesa', 'Philippines', 5300),
(12, 'Biz Hub Office', '177-3421', 'biz@psu.palawan.edu.ph', 'Media Hub Bldg., PSU-Narra', 'Narra, Palawan', 'Philippines', 5303),
(13, 'Education Department', '766-2341', 'ed@gmail.com', 'College of Education Bldg.', 'Puerto Princesa', 'Philippines', 5300),
(14, 'PTC Office', '567-0986', 'ptc@narra.psu.edu.ph', 'PTC Building', 'Narra, Palawan', 'Philippines', 5303),
(15, 'PSU COOP Office', '671-3459', 'coop@gpsu.palawan.edu.ph', 'PSU-Coop, PPC', 'Brooke\'s Point, Palawan', 'Philippines', 5305);

-- --------------------------------------------------------

--
-- Table structure for table `transaction`
--

CREATE TABLE `transaction` (
  `id` int(11) NOT NULL,
  `employee_id` int(11) DEFAULT NULL,
  `office_id` int(11) DEFAULT NULL,
  `datelog` datetime DEFAULT current_timestamp(),
  `action` enum('IN','OUT','COMPLETE') DEFAULT NULL,
  `remarks` varchar(100) DEFAULT NULL,
  `documentcode` varchar(45) NOT NULL
) ENGINE=InnoDB DEFAULT CHARSET=utf8mb4 COLLATE=utf8mb4_general_ci;

--
-- Dumping data for table `transaction`
--

INSERT INTO `transaction` (`id`, `employee_id`, `office_id`, `datelog`, `action`, `remarks`, `documentcode`) VALUES
(1, 3, 1, '2022-03-19 09:55:16', 'IN', NULL, '100'),
(2, 3, 2, '2022-03-19 09:55:37', 'OUT', NULL, '100'),
(3, 3, 1, '2022-03-19 09:55:53', 'COMPLETE', NULL, '100'),
(4, 3, 1, '2022-03-19 09:55:30', 'OUT', 'Signed', '100'),
(5, 3, 2, '2022-03-19 09:55:32', 'IN', 'For approval', '100'),
(6, 2, 3, '2022-03-19 09:55:17', 'IN', NULL, '101'),
(7, 2, 3, '2022-03-19 09:59:16', 'OUT', NULL, '101'),
(8, 8, 1, '2023-03-10 00:13:03', 'COMPLETE', '', '145'),
(9, 28, 9, '2023-03-10 00:13:03', 'OUT', '', '195'),
(10, 14, 6, '2023-03-10 00:13:03', 'OUT', '', '171'),
(11, 199, 2, '2023-03-10 00:13:03', 'OUT', '', '107'),
(12, 64, 3, '2023-03-10 00:13:03', 'COMPLETE', '', '185'),
(13, 57, 12, '2023-03-10 00:13:03', 'IN', '', '135'),
(14, 21, 10, '2023-03-10 00:13:03', 'COMPLETE', '', '187'),
(15, 156, 13, '2023-03-10 00:13:03', 'OUT', '', '143'),
(16, 89, 7, '2023-03-10 00:13:03', 'COMPLETE', '', '143'),
(17, 216, 9, '2023-03-10 00:13:03', 'IN', '', '100'),
(18, 149, 13, '2023-03-10 00:13:03', 'OUT', '', '186'),
(19, 87, 7, '2023-03-10 00:13:03', 'OUT', '', '172'),
(20, 17, 3, '2023-03-10 00:13:03', 'COMPLETE', '', '200'),
(21, 113, 4, '2023-03-10 00:13:03', 'COMPLETE', '', '151'),
(22, 145, 6, '2023-03-10 00:13:03', 'OUT', '', '140'),
(23, 220, 5, '2023-03-10 00:13:03', 'IN', '', '107'),
(24, 5, 1, '2023-03-10 00:13:03', 'OUT', '', '123'),
(25, 169, 11, '2023-03-10 00:13:03', 'OUT', '', '119'),
(26, 70, 2, '2023-03-10 00:13:03', 'COMPLETE', '', '156'),
(27, 41, 6, '2023-03-10 00:13:03', 'COMPLETE', '', '142'),
(28, 21, 4, '2023-03-10 00:13:03', 'IN', '', '166'),
(29, 27, 15, '2023-03-10 00:13:03', 'IN', '', '185'),
(30, 20, 10, '2023-03-10 00:13:03', 'IN', '', '105'),
(31, 182, 3, '2023-03-10 00:13:03', 'OUT', '', '123'),
(32, 69, 6, '2023-03-10 00:13:03', 'COMPLETE', '', '119'),
(33, 188, 4, '2023-03-10 00:13:03', 'COMPLETE', '', '145'),
(34, 216, 2, '2023-03-10 00:13:03', 'OUT', '', '155'),
(35, 136, 6, '2023-03-10 00:13:03', 'IN', '', '181'),
(36, 13, 7, '2023-03-10 00:13:03', 'COMPLETE', '', '141'),
(37, 122, 13, '2023-03-10 00:13:03', 'OUT', '', '163'),
(38, 149, 9, '2023-03-10 00:13:03', 'IN', '', '182'),
(39, 6, 13, '2023-03-10 00:13:03', 'IN', '', '138'),
(40, 181, 14, '2023-03-10 00:13:03', 'OUT', '', '138'),
(41, 124, 15, '2023-03-10 00:13:03', 'COMPLETE', '', '194'),
(42, 175, 3, '2023-03-10 00:13:03', 'OUT', '', '190'),
(43, 137, 7, '2023-03-10 00:13:03', 'IN', '', '130'),
(44, 197, 12, '2023-03-10 00:13:03', 'COMPLETE', '', '139'),
(45, 95, 11, '2023-03-10 00:13:03', 'OUT', '', '116'),
(46, 92, 15, '2023-03-10 00:13:03', 'IN', '', '181'),
(47, 215, 13, '2023-03-10 00:13:03', 'IN', '', '127'),
(48, 169, 9, '2023-03-10 00:13:03', 'IN', '', '179'),
(49, 141, 4, '2023-03-10 00:13:03', 'COMPLETE', '', '115'),
(50, 130, 14, '2023-03-10 00:13:03', 'OUT', '', '102'),
(51, 190, 3, '2023-03-10 00:13:03', 'COMPLETE', '', '112'),
(52, 144, 13, '2023-03-10 00:13:03', 'COMPLETE', '', '182'),
(53, 6, 6, '2023-03-10 00:13:03', 'IN', '', '106'),
(54, 19, 13, '2023-03-10 00:13:03', 'COMPLETE', '', '191'),
(55, 8, 10, '2023-03-10 00:13:03', 'COMPLETE', '', '142'),
(56, 106, 10, '2023-03-10 00:13:03', 'IN', '', '125'),
(57, 11, 7, '2023-03-10 00:13:03', 'OUT', '', '176'),
(58, 162, 9, '2023-03-10 00:13:04', 'OUT', '', '181'),
(59, 27, 5, '2023-03-10 00:13:04', 'IN', '', '137'),
(60, 144, 14, '2023-03-10 00:13:04', 'IN', '', '191'),
(61, 40, 11, '2023-03-10 00:13:04', 'COMPLETE', '', '198'),
(62, 115, 8, '2023-03-10 00:13:04', 'OUT', '', '152'),
(63, 108, 8, '2023-03-10 00:13:04', 'OUT', '', '174'),
(64, 47, 6, '2023-03-10 00:13:04', 'OUT', '', '115'),
(65, 175, 13, '2023-03-10 00:13:04', 'COMPLETE', '', '158'),
(66, 34, 12, '2023-03-10 00:13:04', 'COMPLETE', '', '149'),
(67, 12, 15, '2023-03-10 00:13:04', 'OUT', '', '145'),
(68, 191, 3, '2023-03-10 00:13:04', 'OUT', '', '197'),
(69, 68, 10, '2023-03-10 00:13:04', 'COMPLETE', '', '145'),
(70, 213, 8, '2023-03-10 00:13:04', 'COMPLETE', '', '139'),
(71, 68, 10, '2023-03-10 00:13:04', 'IN', '', '194'),
(72, 99, 9, '2023-03-10 00:13:04', 'OUT', '', '176'),
(73, 170, 14, '2023-03-10 00:13:04', 'COMPLETE', '', '159'),
(74, 29, 4, '2023-03-10 00:13:04', 'IN', '', '155'),
(75, 60, 6, '2023-03-10 00:13:04', 'IN', '', '142'),
(76, 86, 13, '2023-03-10 00:13:04', 'IN', '', '151'),
(77, 124, 3, '2023-03-10 00:13:04', 'OUT', '', '104'),
(78, 91, 9, '2023-03-10 00:13:04', 'IN', '', '103'),
(79, 123, 13, '2023-03-10 00:13:04', 'OUT', '', '190'),
(80, 100, 1, '2023-03-10 00:13:04', 'COMPLETE', '', '196'),
(81, 138, 11, '2023-03-10 00:13:04', 'IN', '', '178'),
(82, 33, 3, '2023-03-10 00:13:04', 'COMPLETE', '', '137'),
(83, 137, 11, '2023-03-10 00:13:04', 'COMPLETE', '', '103'),
(84, 212, 2, '2023-03-10 00:13:04', 'IN', '', '127'),
(85, 203, 12, '2023-03-10 00:13:04', 'IN', '', '141'),
(86, 61, 12, '2023-03-10 00:13:04', 'COMPLETE', '', '106'),
(87, 141, 2, '2023-03-10 00:13:04', 'COMPLETE', '', '139'),
(88, 117, 8, '2023-03-10 00:13:04', 'COMPLETE', '', '124'),
(89, 217, 4, '2023-03-10 00:13:04', 'COMPLETE', '', '103'),
(90, 112, 1, '2023-03-10 00:13:04', 'OUT', '', '130'),
(91, 218, 6, '2023-03-10 00:13:04', 'OUT', '', '147'),
(92, 14, 10, '2023-03-10 00:13:04', 'COMPLETE', '', '175'),
(93, 201, 8, '2023-03-10 00:13:04', 'OUT', '', '126'),
(94, 159, 1, '2023-03-10 00:13:04', 'IN', '', '112'),
(95, 124, 13, '2023-03-10 00:13:04', 'IN', '', '147'),
(96, 174, 5, '2023-03-10 00:13:04', 'IN', '', '132'),
(97, 177, 3, '2023-03-10 00:13:04', 'OUT', '', '144'),
(98, 169, 6, '2023-03-10 00:13:04', 'OUT', '', '189'),
(99, 180, 14, '2023-03-10 00:13:04', 'IN', '', '160'),
(100, 136, 3, '2023-03-10 00:13:04', 'COMPLETE', '', '142'),
(101, 59, 10, '2023-03-10 00:13:04', 'IN', '', '181'),
(102, 64, 15, '2023-03-10 00:13:04', 'OUT', '', '176'),
(103, 152, 2, '2023-03-10 00:13:04', 'IN', '', '134'),
(104, 75, 13, '2023-03-10 00:13:04', 'IN', '', '160'),
(105, 108, 3, '2023-03-10 00:13:04', 'COMPLETE', '', '105'),
(106, 52, 13, '2023-03-10 00:13:04', 'IN', '', '197'),
(107, 169, 9, '2023-03-10 00:13:04', 'COMPLETE', '', '156'),
(108, 125, 1, '2023-03-10 00:13:04', 'OUT', '', '168'),
(109, 111, 2, '2023-03-10 00:13:04', 'OUT', '', '158'),
(110, 38, 13, '2023-03-10 00:13:04', 'OUT', '', '119'),
(111, 65, 1, '2023-03-10 00:13:04', 'OUT', '', '151'),
(112, 25, 11, '2023-03-10 00:13:04', 'OUT', '', '123'),
(113, 43, 3, '2023-03-10 00:13:04', 'IN', '', '168'),
(114, 191, 4, '2023-03-10 00:13:04', 'COMPLETE', '', '126'),
(115, 118, 14, '2023-03-10 00:13:04', 'IN', '', '170'),
(116, 195, 14, '2023-03-10 00:13:04', 'OUT', '', '102'),
(117, 100, 15, '2023-03-10 00:13:04', 'COMPLETE', '', '138'),
(118, 148, 3, '2023-03-10 00:13:04', 'COMPLETE', '', '181'),
(119, 213, 14, '2023-03-10 00:13:04', 'OUT', '', '158'),
(120, 46, 2, '2023-03-10 00:13:04', 'COMPLETE', '', '138'),
(121, 127, 2, '2023-03-10 00:13:04', 'COMPLETE', '', '191'),
(122, 220, 11, '2023-03-10 00:13:04', 'IN', '', '189'),
(123, 166, 10, '2023-03-10 00:13:04', 'IN', '', '132'),
(124, 9, 11, '2023-03-10 00:13:04', 'IN', '', '167'),
(125, 177, 4, '2023-03-10 00:13:04', 'IN', '', '197'),
(126, 183, 8, '2023-03-10 00:13:04', 'IN', '', '136'),
(127, 82, 15, '2023-03-10 00:13:04', 'IN', '', '149'),
(128, 73, 12, '2023-03-10 00:13:04', 'COMPLETE', '', '175'),
(129, 71, 3, '2023-03-10 00:13:04', 'OUT', '', '138'),
(130, 203, 12, '2023-03-10 00:13:04', 'IN', '', '179'),
(131, 121, 7, '2023-03-10 00:13:04', 'IN', '', '138'),
(132, 10, 9, '2023-03-10 00:13:04', 'COMPLETE', '', '161'),
(133, 216, 8, '2023-03-10 00:13:04', 'OUT', '', '123'),
(134, 190, 12, '2023-03-10 00:13:04', 'COMPLETE', '', '172'),
(135, 27, 13, '2023-03-10 00:13:04', 'OUT', '', '197'),
(136, 82, 5, '2023-03-10 00:13:04', 'OUT', '', '161'),
(137, 208, 9, '2023-03-10 00:13:04', 'IN', '', '131'),
(138, 155, 8, '2023-03-10 00:13:04', 'OUT', '', '137'),
(139, 39, 7, '2023-03-10 00:13:04', 'COMPLETE', '', '159'),
(140, 112, 10, '2023-03-10 00:13:04', 'OUT', '', '192'),
(141, 142, 3, '2023-03-10 00:13:04', 'OUT', '', '173'),
(142, 77, 9, '2023-03-10 00:13:04', 'IN', '', '189'),
(143, 89, 1, '2023-03-10 00:13:04', 'OUT', '', '139'),
(144, 174, 3, '2023-03-10 00:13:04', 'IN', '', '130'),
(145, 95, 3, '2023-03-10 00:13:04', 'OUT', '', '182'),
(146, 44, 1, '2023-03-10 00:13:04', 'COMPLETE', '', '168'),
(147, 81, 11, '2023-03-10 00:13:04', 'COMPLETE', '', '127'),
(148, 95, 6, '2023-03-10 00:13:04', 'OUT', '', '122'),
(149, 135, 9, '2023-03-10 00:13:04', 'COMPLETE', '', '123'),
(150, 2, 15, '2023-03-10 00:13:04', 'OUT', '', '151'),
(151, 156, 13, '2023-03-10 00:13:04', 'OUT', '', '200'),
(152, 138, 4, '2023-03-10 00:13:04', 'IN', '', '184'),
(153, 54, 12, '2023-03-10 00:13:04', 'OUT', '', '121'),
(154, 170, 6, '2023-03-10 00:13:04', 'IN', '', '139'),
(155, 189, 14, '2023-03-10 00:13:04', 'IN', '', '129'),
(156, 50, 13, '2023-03-10 00:13:04', 'COMPLETE', '', '159'),
(157, 44, 14, '2023-03-10 00:13:04', 'IN', '', '192'),
(158, 141, 14, '2023-03-10 00:13:04', 'OUT', '', '110'),
(159, 32, 2, '2023-03-10 00:13:04', 'IN', '', '164'),
(160, 20, 8, '2023-03-10 00:13:04', 'OUT', '', '198'),
(161, 214, 3, '2023-03-10 00:13:04', 'IN', '', '119'),
(162, 39, 12, '2023-03-10 00:13:04', 'OUT', '', '192'),
(163, 69, 15, '2023-03-10 00:13:04', 'COMPLETE', '', '181'),
(164, 77, 6, '2023-03-10 00:13:04', 'IN', '', '165'),
(165, 143, 11, '2023-03-10 00:13:04', 'COMPLETE', '', '125'),
(166, 108, 7, '2023-03-10 00:13:04', 'OUT', '', '124'),
(167, 161, 9, '2023-03-10 00:13:04', 'COMPLETE', '', '198'),
(168, 15, 7, '2023-03-10 00:13:04', 'IN', '', '113'),
(169, 31, 12, '2023-03-10 00:13:04', 'IN', '', '172'),
(170, 38, 9, '2023-03-10 00:13:04', 'COMPLETE', '', '101'),
(171, 151, 10, '2023-03-10 00:13:04', 'IN', '', '142'),
(172, 43, 9, '2023-03-10 00:13:04', 'COMPLETE', '', '186'),
(173, 94, 2, '2023-03-10 00:13:04', 'OUT', '', '199'),
(174, 168, 9, '2023-03-10 00:13:04', 'COMPLETE', '', '149'),
(175, 196, 14, '2023-03-10 00:13:04', 'COMPLETE', '', '129'),
(176, 209, 10, '2023-03-10 00:13:04', 'IN', '', '186'),
(177, 190, 10, '2023-03-10 00:13:04', 'OUT', '', '193'),
(178, 207, 6, '2023-03-10 00:13:04', 'IN', '', '176'),
(179, 41, 13, '2023-03-10 00:13:04', 'OUT', '', '153'),
(180, 41, 9, '2023-03-10 00:13:04', 'COMPLETE', '', '161'),
(181, 19, 13, '2023-03-10 00:13:04', 'OUT', '', '173'),
(182, 180, 7, '2023-03-10 00:13:04', 'COMPLETE', '', '124'),
(183, 75, 6, '2023-03-10 00:13:04', 'IN', '', '158'),
(184, 41, 12, '2023-03-10 00:13:04', 'OUT', '', '180'),
(185, 122, 8, '2023-03-10 00:13:04', 'OUT', '', '111'),
(186, 190, 5, '2023-03-10 00:13:04', 'OUT', '', '171'),
(187, 10, 14, '2023-03-10 00:13:04', 'OUT', '', '103'),
(188, 218, 2, '2023-03-10 00:13:04', 'OUT', '', '200'),
(189, 160, 12, '2023-03-10 00:13:04', 'OUT', '', '191'),
(190, 129, 1, '2023-03-10 00:13:04', 'COMPLETE', '', '114'),
(191, 189, 12, '2023-03-10 00:13:04', 'IN', '', '146'),
(192, 85, 4, '2023-03-10 00:13:04', 'COMPLETE', '', '148'),
(193, 142, 15, '2023-03-10 00:13:04', 'IN', '', '144'),
(194, 38, 14, '2023-03-10 00:13:04', 'COMPLETE', '', '169'),
(195, 70, 6, '2023-03-10 00:13:04', 'COMPLETE', '', '161'),
(196, 125, 13, '2023-03-10 00:13:04', 'COMPLETE', '', '150'),
(197, 215, 15, '2023-03-10 00:13:04', 'IN', '', '161'),
(198, 64, 13, '2023-03-10 00:13:04', 'IN', '', '168'),
(199, 80, 10, '2023-03-10 00:13:04', 'IN', '', '192'),
(200, 198, 7, '2023-03-10 00:13:04', 'COMPLETE', '', '185'),
(201, 192, 10, '2023-03-10 00:13:04', 'OUT', '', '121'),
(202, 4, 8, '2023-03-10 00:13:04', 'COMPLETE', '', '171'),
(203, 45, 13, '2023-03-10 00:13:04', 'IN', '', '160'),
(204, 51, 10, '2023-03-10 00:13:04', 'OUT', '', '183'),
(205, 84, 3, '2023-03-10 00:13:04', 'COMPLETE', '', '170'),
(206, 162, 15, '2023-03-10 00:13:04', 'OUT', '', '194'),
(207, 4, 15, '2023-03-10 00:13:04', 'COMPLETE', '', '159'),
(208, 23, 7, '2023-03-10 00:13:04', 'IN', '', '180'),
(209, 199, 2, '2023-03-10 00:13:05', 'OUT', '', '178'),
(210, 62, 3, '2023-03-10 00:13:05', 'IN', '', '184'),
(211, 118, 12, '2023-03-10 00:13:05', 'OUT', '', '161'),
(212, 178, 8, '2023-03-10 00:13:05', 'IN', '', '156'),
(213, 164, 14, '2023-03-10 00:13:05', 'COMPLETE', '', '133'),
(214, 117, 5, '2023-03-10 00:13:05', 'IN', '', '163'),
(215, 12, 9, '2023-03-10 00:13:05', 'OUT', '', '103'),
(216, 183, 4, '2023-03-10 00:13:05', 'IN', '', '179'),
(217, 15, 9, '2023-03-10 00:13:05', 'OUT', '', '197'),
(218, 189, 6, '2023-03-10 00:13:05', 'COMPLETE', '', '142'),
(219, 127, 10, '2023-03-10 00:13:05', 'COMPLETE', '', '123'),
(220, 34, 7, '2023-03-10 00:13:05', 'COMPLETE', '', '100'),
(221, 176, 6, '2023-03-10 00:23:20', 'COMPLETE', 'Process', '106'),
(222, 92, 8, '2023-03-10 00:23:20', 'COMPLETE', 'Process', '135'),
(223, 205, 7, '2023-03-10 00:23:20', 'OUT', 'Signed', '106'),
(224, 26, 4, '2023-03-10 00:23:20', 'IN', 'For Approval', '189'),
(225, 21, 14, '2023-03-10 00:23:20', 'IN', 'Signed', '155'),
(226, 50, 5, '2023-03-10 00:23:20', 'OUT', 'Process', '186'),
(227, 43, 4, '2023-03-10 00:23:20', 'COMPLETE', 'Signed', '178'),
(228, 203, 1, '2023-03-10 00:23:20', 'OUT', 'Process', '121'),
(229, 75, 10, '2023-03-10 00:23:20', 'IN', 'For Approval', '137'),
(230, 109, 1, '2023-03-10 00:23:20', 'COMPLETE', 'For Approval', '142'),
(231, 56, 3, '2023-03-10 00:23:20', 'OUT', 'Signed', '121'),
(232, 2, 3, '2023-03-10 00:23:20', 'COMPLETE', 'Signed', '192'),
(233, 139, 6, '2023-03-10 00:23:20', 'IN', 'Signed', '167'),
(234, 95, 10, '2023-03-10 00:23:20', 'OUT', 'Signed', '179'),
(235, 27, 13, '2023-03-10 00:23:20', 'COMPLETE', 'Signed', '193'),
(236, 181, 6, '2023-03-10 00:23:20', 'COMPLETE', 'For Approval', '130'),
(237, 144, 3, '2023-03-10 00:23:20', 'COMPLETE', 'Signed', '177'),
(238, 192, 2, '2023-03-10 00:23:20', 'IN', 'Process', '146'),
(239, 126, 10, '2023-03-10 00:23:20', 'IN', 'Process', '170'),
(240, 217, 4, '2023-03-10 00:23:20', 'COMPLETE', 'For Approval', '126'),
(241, 154, 8, '2023-03-10 00:23:20', 'OUT', 'For Approval', '103'),
(242, 93, 9, '2023-03-10 00:23:20', 'OUT', 'Signed', '185'),
(243, 4, 15, '2023-03-10 00:23:20', 'COMPLETE', 'Process', '112'),
(244, 142, 10, '2023-03-10 00:23:20', 'IN', 'Signed', '127'),
(245, 148, 13, '2023-03-10 00:23:20', 'OUT', 'Process', '137'),
(246, 25, 9, '2023-03-10 00:23:20', 'COMPLETE', 'Process', '117'),
(247, 109, 10, '2023-03-10 00:23:20', 'COMPLETE', 'For Approval', '124'),
(248, 85, 12, '2023-03-10 00:23:20', 'OUT', 'Process', '191'),
(249, 18, 5, '2023-03-10 00:23:20', 'OUT', 'Process', '193'),
(250, 154, 13, '2023-03-10 00:23:20', 'OUT', 'Process', '159'),
(251, 195, 1, '2023-03-10 00:23:20', 'IN', 'Signed', '158'),
(252, 197, 11, '2023-03-10 00:23:20', 'COMPLETE', 'For Approval', '157'),
(253, 151, 4, '2023-03-10 00:23:20', 'COMPLETE', 'Signed', '153'),
(254, 48, 9, '2023-03-10 00:23:20', 'OUT', 'For Approval', '150'),
(255, 99, 13, '2023-03-10 00:23:20', 'OUT', 'Process', '148'),
(256, 30, 6, '2023-03-10 00:23:20', 'COMPLETE', 'Process', '144'),
(257, 149, 14, '2023-03-10 00:23:20', 'COMPLETE', 'For Approval', '163'),
(258, 211, 12, '2023-03-10 00:23:20', 'COMPLETE', 'Process', '176'),
(259, 35, 4, '2023-03-10 00:23:20', 'IN', 'Signed', '133'),
(260, 45, 4, '2023-03-10 00:23:20', 'OUT', 'Signed', '171'),
(261, 154, 15, '2023-03-10 00:23:20', 'IN', 'Process', '191'),
(262, 57, 4, '2023-03-10 00:23:20', 'OUT', 'Process', '165'),
(263, 179, 1, '2023-03-10 00:23:20', 'OUT', 'For Approval', '163'),
(264, 113, 2, '2023-03-10 00:23:20', 'IN', 'Signed', '181'),
(265, 161, 15, '2023-03-10 00:23:20', 'COMPLETE', 'Signed', '116'),
(266, 215, 5, '2023-03-10 00:23:20', 'COMPLETE', 'For Approval', '195'),
(267, 51, 13, '2023-03-10 00:23:20', 'IN', 'For Approval', '141'),
(268, 20, 6, '2023-03-10 00:23:20', 'IN', 'Signed', '162'),
(269, 220, 1, '2023-03-10 00:23:20', 'IN', 'Signed', '131'),
(270, 104, 7, '2023-03-10 00:23:20', 'OUT', 'Process', '117'),
(271, 199, 3, '2023-03-10 00:23:20', 'OUT', 'Process', '177'),
(272, 53, 12, '2023-03-10 00:23:20', 'COMPLETE', 'Process', '113'),
(273, 188, 13, '2023-03-10 00:23:20', 'IN', 'For Approval', '200'),
(274, 32, 3, '2023-03-10 00:23:20', 'COMPLETE', 'Process', '182'),
(275, 153, 15, '2023-03-10 00:23:20', 'COMPLETE', 'Process', '140'),
(276, 7, 12, '2023-03-10 00:23:20', 'COMPLETE', 'Signed', '188'),
(277, 77, 15, '2023-03-10 00:23:20', 'COMPLETE', 'Process', '116'),
(278, 161, 2, '2023-03-10 00:23:20', 'IN', 'Signed', '134'),
(279, 45, 6, '2023-03-10 00:23:20', 'OUT', 'Process', '129'),
(280, 204, 1, '2023-03-10 00:23:20', 'COMPLETE', 'Signed', '178'),
(281, 48, 14, '2023-03-10 00:23:20', 'IN', 'Process', '117'),
(282, 185, 11, '2023-03-10 00:23:20', 'COMPLETE', 'Process', '176'),
(283, 18, 13, '2023-03-10 00:23:20', 'OUT', 'Process', '195'),
(284, 144, 15, '2023-03-10 00:23:20', 'IN', 'For Approval', '115'),
(285, 199, 15, '2023-03-10 00:23:20', 'COMPLETE', 'Signed', '191'),
(286, 166, 8, '2023-03-10 00:23:20', 'COMPLETE', 'Signed', '110'),
(287, 79, 1, '2023-03-10 00:23:20', 'COMPLETE', 'Process', '200'),
(288, 3, 2, '2023-03-10 00:23:20', 'OUT', 'Signed', '149'),
(289, 26, 3, '2023-03-10 00:23:20', 'OUT', 'Process', '165'),
(290, 9, 7, '2023-03-10 00:23:20', 'OUT', 'Signed', '142'),
(291, 209, 7, '2023-03-10 00:23:20', 'IN', 'Process', '110'),
(292, 137, 7, '2023-03-10 00:23:20', 'OUT', 'Signed', '161'),
(293, 199, 10, '2023-03-10 00:23:20', 'IN', 'Signed', '130'),
(294, 171, 2, '2023-03-10 00:23:20', 'IN', 'For Approval', '117'),
(295, 180, 11, '2023-03-10 00:23:20', 'COMPLETE', 'Signed', '108'),
(296, 133, 11, '2023-03-10 00:23:20', 'OUT', 'Process', '200'),
(297, 3, 4, '2023-03-10 00:23:20', 'COMPLETE', 'For Approval', '156'),
(298, 103, 8, '2023-03-10 00:23:20', 'OUT', 'Signed', '145'),
(299, 95, 13, '2023-03-10 00:23:20', 'IN', 'For Approval', '143'),
(300, 135, 5, '2023-03-10 00:23:20', 'COMPLETE', 'Signed', '198'),
(301, 10, 11, '2023-03-10 00:23:20', 'OUT', 'Process', '106'),
(302, 146, 13, '2023-03-10 00:23:20', 'COMPLETE', 'Signed', '114'),
(303, 25, 5, '2023-03-10 00:23:20', 'OUT', 'For Approval', '157'),
(304, 50, 2, '2023-03-10 00:23:20', 'OUT', 'Signed', '181'),
(305, 168, 3, '2023-03-10 00:23:20', 'COMPLETE', 'For Approval', '182'),
(306, 59, 9, '2023-03-10 00:23:20', 'IN', 'For Approval', '149'),
(307, 86, 12, '2023-03-10 00:23:20', 'COMPLETE', 'Signed', '112'),
(308, 163, 6, '2023-03-10 00:23:20', 'OUT', 'Signed', '133'),
(309, 63, 9, '2023-03-10 00:23:20', 'COMPLETE', 'Process', '166'),
(310, 75, 8, '2023-03-10 00:23:20', 'OUT', 'Signed', '134'),
(311, 155, 5, '2023-03-10 00:23:20', 'COMPLETE', 'For Approval', '147'),
(312, 181, 11, '2023-03-10 00:23:20', 'IN', 'Process', '164'),
(313, 117, 4, '2023-03-10 00:23:20', 'COMPLETE', 'Signed', '111'),
(314, 22, 8, '2023-03-10 00:23:20', 'OUT', 'Process', '167'),
(315, 112, 13, '2023-03-10 00:23:20', 'COMPLETE', 'For Approval', '172'),
(316, 114, 12, '2023-03-10 00:23:20', 'IN', 'Signed', '183'),
(317, 14, 8, '2023-03-10 00:23:20', 'OUT', 'Signed', '130'),
(318, 210, 12, '2023-03-10 00:23:20', 'COMPLETE', 'Process', '136'),
(319, 26, 11, '2023-03-10 00:23:20', 'IN', 'For Approval', '113'),
(320, 190, 14, '2023-03-10 00:23:20', 'IN', 'Process', '153'),
(321, 211, 13, '2023-03-10 00:23:20', 'OUT', 'Signed', '104'),
(322, 190, 8, '2023-03-10 00:23:20', 'OUT', 'Process', '196'),
(323, 122, 7, '2023-03-10 00:23:20', 'OUT', 'For Approval', '181'),
(324, 162, 9, '2023-03-10 00:23:20', 'IN', 'Process', '115'),
(325, 73, 2, '2023-03-10 00:23:20', 'OUT', 'Process', '151'),
(326, 102, 5, '2023-03-10 00:23:20', 'IN', 'Process', '127'),
(327, 30, 11, '2023-03-10 00:23:20', 'OUT', 'Process', '105'),
(328, 24, 7, '2023-03-10 00:23:20', 'IN', 'Process', '194'),
(329, 169, 7, '2023-03-10 00:23:20', 'OUT', 'Process', '182'),
(330, 191, 13, '2023-03-10 00:23:20', 'IN', 'Signed', '169'),
(331, 148, 14, '2023-03-10 00:23:20', 'IN', 'For Approval', '177'),
(332, 6, 7, '2023-03-10 00:23:20', 'IN', 'Process', '185'),
(333, 70, 10, '2023-03-10 00:23:20', 'COMPLETE', 'Process', '137'),
(334, 26, 4, '2023-03-10 00:23:20', 'OUT', 'Process', '132'),
(335, 23, 11, '2023-03-10 00:23:20', 'IN', 'Process', '145'),
(336, 111, 11, '2023-03-10 00:23:20', 'OUT', 'For Approval', '184'),
(337, 40, 12, '2023-03-10 00:23:20', 'IN', 'Signed', '197'),
(338, 30, 15, '2023-03-10 00:23:20', 'IN', 'Process', '175'),
(339, 27, 14, '2023-03-10 00:23:20', 'IN', 'Process', '114'),
(340, 134, 11, '2023-03-10 00:23:20', 'COMPLETE', 'Signed', '159'),
(341, 178, 3, '2023-03-10 00:23:20', 'IN', 'Process', '197'),
(342, 70, 5, '2023-03-10 00:23:20', 'COMPLETE', 'Signed', '103'),
(343, 88, 4, '2023-03-10 00:23:20', 'IN', 'Signed', '180'),
(344, 110, 6, '2023-03-10 00:23:20', 'OUT', 'Signed', '193'),
(345, 145, 7, '2023-03-10 00:23:20', 'OUT', 'Signed', '141'),
(346, 67, 2, '2023-03-10 00:23:20', 'IN', 'For Approval', '145'),
(347, 23, 4, '2023-03-10 00:23:20', 'OUT', 'For Approval', '140'),
(348, 14, 14, '2023-03-10 00:23:20', 'OUT', 'Process', '127'),
(349, 136, 7, '2023-03-10 00:23:20', 'OUT', 'Process', '171'),
(350, 81, 5, '2023-03-10 00:23:20', 'OUT', 'Process', '109'),
(351, 111, 12, '2023-03-10 00:23:20', 'OUT', 'For Approval', '163'),
(352, 112, 8, '2023-03-10 00:23:20', 'IN', 'For Approval', '159'),
(353, 115, 15, '2023-03-10 00:23:20', 'IN', 'Signed', '105'),
(354, 67, 1, '2023-03-10 00:23:20', 'OUT', 'For Approval', '169'),
(355, 30, 14, '2023-03-10 00:23:20', 'IN', 'Process', '161'),
(356, 39, 14, '2023-03-10 00:23:20', 'OUT', 'Signed', '106'),
(357, 8, 7, '2023-03-10 00:23:20', 'COMPLETE', 'Process', '166'),
(358, 19, 10, '2023-03-10 00:23:20', 'COMPLETE', 'Signed', '183'),
(359, 187, 5, '2023-03-10 00:23:20', 'IN', 'Process', '159'),
(360, 107, 11, '2023-03-10 00:23:20', 'COMPLETE', 'For Approval', '146'),
(361, 92, 14, '2023-03-10 00:23:20', 'OUT', 'For Approval', '154'),
(362, 79, 15, '2023-03-10 00:23:20', 'COMPLETE', 'Process', '181'),
(363, 140, 5, '2023-03-10 00:23:20', 'IN', 'For Approval', '197'),
(364, 73, 11, '2023-03-10 00:23:20', 'OUT', 'Process', '140'),
(365, 42, 7, '2023-03-10 00:23:20', 'COMPLETE', 'For Approval', '164'),
(366, 172, 5, '2023-03-10 00:23:20', 'COMPLETE', 'For Approval', '185'),
(367, 177, 6, '2023-03-10 00:23:20', 'IN', 'Signed', '143'),
(368, 9, 6, '2023-03-10 00:23:20', 'IN', 'For Approval', '159'),
(369, 14, 14, '2023-03-10 00:23:20', 'OUT', 'Signed', '129'),
(370, 32, 13, '2023-03-10 00:23:20', 'OUT', 'Signed', '121'),
(371, 203, 2, '2023-03-10 00:23:20', 'COMPLETE', 'Process', '193'),
(372, 192, 15, '2023-03-10 00:23:20', 'COMPLETE', 'Process', '128'),
(373, 137, 3, '2023-03-10 00:23:20', 'IN', 'Process', '119'),
(374, 115, 12, '2023-03-10 00:23:20', 'IN', 'Signed', '104'),
(375, 97, 4, '2023-03-10 00:23:20', 'IN', 'For Approval', '126'),
(376, 123, 8, '2023-03-10 00:23:20', 'COMPLETE', 'Signed', '195'),
(377, 104, 2, '2023-03-10 00:23:20', 'OUT', 'Signed', '168'),
(378, 124, 12, '2023-03-10 00:23:20', 'COMPLETE', 'Process', '138'),
(379, 199, 5, '2023-03-10 00:23:20', 'IN', 'For Approval', '190'),
(380, 124, 6, '2023-03-10 00:23:21', 'COMPLETE', 'Signed', '185'),
(381, 126, 1, '2023-03-10 00:23:21', 'OUT', 'Signed', '143'),
(382, 136, 5, '2023-03-10 00:23:21', 'OUT', 'Signed', '109'),
(383, 38, 12, '2023-03-10 00:23:21', 'IN', 'Process', '188'),
(384, 220, 4, '2023-03-10 00:23:21', 'OUT', 'Process', '187'),
(385, 170, 15, '2023-03-10 00:23:21', 'IN', 'Signed', '124'),
(386, 13, 8, '2023-03-10 00:23:21', 'COMPLETE', 'Process', '181'),
(387, 26, 5, '2023-03-10 00:23:21', 'COMPLETE', 'Process', '133'),
(388, 39, 14, '2023-03-10 00:23:21', 'IN', 'Signed', '152'),
(389, 163, 13, '2023-03-10 00:23:21', 'OUT', 'Signed', '106'),
(390, 138, 7, '2023-03-10 00:23:21', 'OUT', 'For Approval', '148'),
(391, 33, 11, '2023-03-10 00:23:21', 'IN', 'Signed', '189'),
(392, 96, 7, '2023-03-10 00:23:21', 'IN', 'For Approval', '136'),
(393, 84, 4, '2023-03-10 00:23:21', 'IN', 'Process', '110'),
(394, 105, 15, '2023-03-10 00:23:21', 'COMPLETE', 'For Approval', '169'),
(395, 23, 2, '2023-03-10 00:23:21', 'IN', 'Process', '191'),
(396, 164, 12, '2023-03-10 00:23:21', 'IN', 'Signed', '196'),
(397, 75, 7, '2023-03-10 00:23:21', 'OUT', 'Signed', '196'),
(398, 74, 7, '2023-03-10 00:23:21', 'OUT', 'Signed', '150'),
(399, 144, 4, '2023-03-10 00:23:21', 'OUT', 'For Approval', '182'),
(400, 110, 15, '2023-03-10 00:23:21', 'IN', 'For Approval', '128'),
(401, 147, 5, '2023-03-10 00:23:21', 'COMPLETE', 'Signed', '115'),
(402, 166, 11, '2023-03-10 00:23:21', 'IN', 'Signed', '159'),
(403, 22, 11, '2023-03-10 00:23:21', 'COMPLETE', 'Process', '151'),
(404, 150, 6, '2023-03-10 00:23:21', 'IN', 'Signed', '149'),
(405, 185, 8, '2023-03-10 00:23:21', 'IN', 'Signed', '171'),
(406, 146, 6, '2023-03-10 00:23:21', 'OUT', 'For Approval', '151'),
(407, 75, 14, '2023-03-10 00:23:21', 'COMPLETE', 'For Approval', '175'),
(408, 51, 12, '2023-03-10 00:23:21', 'COMPLETE', 'For Approval', '176'),
(409, 15, 6, '2023-03-10 00:23:21', 'OUT', 'For Approval', '144'),
(410, 77, 2, '2023-03-10 00:23:21', 'OUT', 'Process', '194'),
(411, 59, 5, '2023-03-10 00:23:21', 'COMPLETE', 'Process', '144'),
(412, 173, 2, '2023-03-10 00:23:21', 'IN', 'For Approval', '116'),
(413, 91, 5, '2023-03-10 00:23:21', 'OUT', 'For Approval', '135'),
(414, 195, 3, '2023-03-10 00:23:21', 'COMPLETE', 'Signed', '178'),
(415, 83, 4, '2023-03-10 00:23:21', 'IN', 'For Approval', '127'),
(416, 4, 1, '2023-03-10 00:23:21', 'IN', 'For Approval', '121'),
(417, 183, 3, '2023-03-10 00:23:21', 'IN', 'For Approval', '200'),
(418, 38, 14, '2023-03-10 00:23:21', 'COMPLETE', 'Process', '185'),
(419, 117, 3, '2023-03-10 00:23:21', 'IN', 'For Approval', '134'),
(420, 129, 5, '2023-03-10 00:23:21', 'COMPLETE', 'For Approval', '198'),
(421, 79, 5, '2023-03-10 00:23:21', 'IN', 'Process', '173'),
(422, 18, 7, '2023-03-10 00:23:21', 'COMPLETE', 'For Approval', '135'),
(423, 70, 10, '2023-03-10 00:23:21', 'COMPLETE', 'Signed', '196'),
(424, 45, 7, '2023-03-10 00:23:21', 'IN', 'Process', '193'),
(425, 149, 5, '2023-03-10 00:23:21', 'IN', 'Signed', '148'),
(426, 116, 1, '2023-03-10 00:23:21', 'COMPLETE', 'Process', '104'),
(427, 168, 10, '2023-03-10 00:23:21', 'IN', 'Signed', '160'),
(428, 197, 8, '2023-03-10 00:23:21', 'IN', 'Signed', '152'),
(429, 90, 9, '2023-03-10 00:23:21', 'OUT', 'For Approval', '197'),
(430, 52, 4, '2023-03-10 00:23:21', 'IN', 'For Approval', '169'),
(431, 18, 12, '2023-03-10 00:23:21', 'IN', 'For Approval', '130'),
(432, 96, 11, '2023-03-10 00:23:21', 'COMPLETE', 'For Approval', '112'),
(433, 125, 5, '2023-03-10 00:23:21', 'OUT', 'Process', '164');

--
-- Indexes for dumped tables
--

--
-- Indexes for table `employee`
--
ALTER TABLE `employee`
  ADD PRIMARY KEY (`id`);

--
-- Indexes for table `office`
--
ALTER TABLE `office`
  ADD PRIMARY KEY (`id`);

--
-- Indexes for table `transaction`
--
ALTER TABLE `transaction`
  ADD PRIMARY KEY (`id`);

--
-- AUTO_INCREMENT for dumped tables
--

--
-- AUTO_INCREMENT for table `employee`
--
ALTER TABLE `employee`
  MODIFY `id` int(11) NOT NULL AUTO_INCREMENT, AUTO_INCREMENT=333;

--
-- AUTO_INCREMENT for table `office`
--
ALTER TABLE `office`
  MODIFY `id` int(11) NOT NULL AUTO_INCREMENT, AUTO_INCREMENT=16;

--
-- AUTO_INCREMENT for table `transaction`
--
ALTER TABLE `transaction`
  MODIFY `id` int(11) NOT NULL AUTO_INCREMENT, AUTO_INCREMENT=434;
COMMIT;

/*!40101 SET CHARACTER_SET_CLIENT=@OLD_CHARACTER_SET_CLIENT */;
/*!40101 SET CHARACTER_SET_RESULTS=@OLD_CHARACTER_SET_RESULTS */;
/*!40101 SET COLLATION_CONNECTION=@OLD_COLLATION_CONNECTION */;
